ID,name,city,country,createdAt,createdBy,modifiedAt,modifiedBy
16393584-81bd-4021-8080-0e93eca5b379,name-16393584,city-16393584,country-16393584,2000-03-04T00:00:00.000Z,createdBy.9rddc@example.net,2007-02-25T00:00:00.000Z,modifiedBy.9rddc@example.net
176806f8-95af-4bb1-87a2-c0a5cbc5d155,name-176806,city-176806,country-176806,2021-05-19T00:00:00.000Z,createdBy.3sfa@example.com,2004-04-06T00:00:00.000Z,modifiedBy.3sfa@example.org
17680796-502f-43b2-abdc-151a3f4ddfc5,name-176807,city-176807,country-176807,2000-03-03T00:00:00.000Z,createdBy.3sfb@example.net,2012-09-21T00:00:00.000Z,modifiedBy.3sfb@example.org
176808bb-18a9-4a2a-ba55-be86fa38d794,name-176808,city-176808,country-176808,2012-11-16T00:00:00.000Z,createdBy.3sfc@example.net,2012-12-21T00:00:00.000Z,modifiedBy.3sfc@example.org
176809ac-f672-49c8-bfb3-22d36e9005cd,name-176809,city-176809,country-176809,2002-10-04T00:00:00.000Z,createdBy.3sfd@example.net,2015-05-27T00:00:00.000Z,modifiedBy.3sfd@example.org
1768104c-d7c9-4e4b-a4cc-7941390e6af6,name-176810,city-176810,country-176810,2001-10-01T00:00:00.000Z,createdBy.3sfe@example.org,2022-08-28T00:00:00.000Z,modifiedBy.3sfe@example.org
17681182-422c-4695-b2ca-de7feae0214a,name-176811,city-176811,country-176811,2000-01-29T00:00:00.000Z,createdBy.3sff@example.com,2011-09-29T00:00:00.000Z,modifiedBy.3sff@example.org
176812e1-f17e-4a1a-9713-7c9d3a753bdb,name-176812,city-176812,country-176812,2016-05-03T00:00:00.000Z,createdBy.3sfg@example.com,2022-02-08T00:00:00.000Z,modifiedBy.3sfg@example.org
17681310-b5dc-4e0b-bb61-2894ab05fe7e,name-176813,city-176813,country-176813,2016-01-12T00:00:00.000Z,createdBy.3sfh@example.org,2012-07-09T00:00:00.000Z,modifiedBy.3sfh@example.net
176814d1-ae73-4222-8339-524ad64b044c,name-176814,city-176814,country-176814,2022-12-30T00:00:00.000Z,createdBy.3sfi@example.net,2018-12-08T00:00:00.000Z,modifiedBy.3sfi@example.com
1768153f-dabe-45da-8fe8-62563c923e8c,name-176815,city-176815,country-176815,2013-12-13T00:00:00.000Z,createdBy.3sfj@example.net,2013-02-01T00:00:00.000Z,modifiedBy.3sfj@example.net
176816d1-1460-41d3-a9fd-be39dee36fdc,name-176816,city-176816,country-176816,2018-03-15T00:00:00.000Z,createdBy.3sfk@example.net,2012-12-16T00:00:00.000Z,modifiedBy.3sfk@example.org
17681790-5c5e-46d4-bb67-01e7e2382256,name-176817,city-176817,country-176817,2007-04-22T00:00:00.000Z,createdBy.3sfl@example.net,2011-03-29T00:00:00.000Z,modifiedBy.3sfl@example.org
1768188b-c5fb-4853-b58c-c7643deec1d5,name-176818,city-176818,country-176818,2002-12-29T00:00:00.000Z,createdBy.3sfm@example.org,2011-01-19T00:00:00.000Z,modifiedBy.3sfm@example.net
176819d0-d42d-4170-ac5c-0cd71b3e315b,name-176819,city-176819,country-176819,2020-01-21T00:00:00.000Z,createdBy.3sfn@example.com,2017-04-14T00:00:00.000Z,modifiedBy.3sfn@example.net
176820fb-ed68-4b1a-950e-1467bb9ed59f,name-176820,city-176820,country-176820,2004-02-05T00:00:00.000Z,createdBy.3sfo@example.com,2007-12-24T00:00:00.000Z,modifiedBy.3sfo@example.org
1768211e-0e82-4232-bef4-a65f9721c93a,name-176821,city-176821,country-176821,2021-05-04T00:00:00.000Z,createdBy.3sfp@example.com,2002-09-04T00:00:00.000Z,modifiedBy.3sfp@example.net
1768228d-520a-4364-84db-f5b54e8bf8a5,name-176822,city-176822,country-176822,2023-01-16T00:00:00.000Z,createdBy.3sfq@example.net,2010-08-16T00:00:00.000Z,modifiedBy.3sfq@example.org
17682339-2391-46a7-b0a8-dc112f75c7a8,name-176823,city-176823,country-176823,2006-09-09T00:00:00.000Z,createdBy.3sfr@example.org,2008-05-07T00:00:00.000Z,modifiedBy.3sfr@example.com
17682465-f0c0-4ef7-83f7-bc0645fa7d38,name-176824,city-176824,country-176824,2011-07-10T00:00:00.000Z,createdBy.3sfs@example.org,2001-10-03T00:00:00.000Z,modifiedBy.3sfs@example.net
176825d5-d62f-47f8-9ada-c819d1485fd7,name-176825,city-176825,country-176825,2007-08-13T00:00:00.000Z,createdBy.3sft@example.net,2010-11-24T00:00:00.000Z,modifiedBy.3sft@example.net
17682644-863f-45bf-b989-03873e29dabf,name-176826,city-176826,country-176826,2017-03-14T00:00:00.000Z,createdBy.3sfu@example.com,2023-01-17T00:00:00.000Z,modifiedBy.3sfu@example.com
17682779-96f8-41cd-b260-a091ce902458,name-176827,city-176827,country-176827,2004-09-27T00:00:00.000Z,createdBy.3sfv@example.com,2020-11-02T00:00:00.000Z,modifiedBy.3sfv@example.org
176828a0-8ec3-403d-afeb-b781151b5a01,name-176828,city-176828,country-176828,2006-03-05T00:00:00.000Z,createdBy.3sfw@example.com,2018-08-14T00:00:00.000Z,modifiedBy.3sfw@example.net
17682960-0b61-40cf-b662-c76b9c4a1df9,name-176829,city-176829,country-176829,2008-12-17T00:00:00.000Z,createdBy.3sfx@example.org,2017-11-23T00:00:00.000Z,modifiedBy.3sfx@example.net
176830cf-f6e1-4946-91e4-15b87ad10a1f,name-176830,city-176830,country-176830,2008-03-16T00:00:00.000Z,createdBy.3sfy@example.com,2021-12-05T00:00:00.000Z,modifiedBy.3sfy@example.org
176831a5-2a15-4528-b5f9-2187c2580817,name-176831,city-176831,country-176831,2009-09-05T00:00:00.000Z,createdBy.3sfz@example.com,2018-11-20T00:00:00.000Z,modifiedBy.3sfz@example.com
17683255-c1f1-49e1-8747-b4e6f0504049,name-176832,city-176832,country-176832,2004-05-08T00:00:00.000Z,createdBy.3sg0@example.com,2013-03-01T00:00:00.000Z,modifiedBy.3sg0@example.org
17683368-d7b8-441f-a626-b953f3bdee53,name-176833,city-176833,country-176833,2006-01-14T00:00:00.000Z,createdBy.3sg1@example.org,2017-02-07T00:00:00.000Z,modifiedBy.3sg1@example.org
176834db-c78a-4b37-b9c9-e8bd929fd747,name-176834,city-176834,country-176834,2002-03-26T00:00:00.000Z,createdBy.3sg2@example.org,2008-08-22T00:00:00.000Z,modifiedBy.3sg2@example.org
176835c7-e595-4a14-8814-fa574f47c6ba,name-176835,city-176835,country-176835,2021-03-05T00:00:00.000Z,createdBy.3sg3@example.com,2016-01-04T00:00:00.000Z,modifiedBy.3sg3@example.com
176836d0-e593-4c10-963c-833cabfb6d09,name-176836,city-176836,country-176836,2012-07-21T00:00:00.000Z,createdBy.3sg4@example.com,2010-12-13T00:00:00.000Z,modifiedBy.3sg4@example.com
1768375f-f86e-4441-b5a9-d96f4d5b35d3,name-176837,city-176837,country-176837,2016-05-05T00:00:00.000Z,createdBy.3sg5@example.org,2005-05-05T00:00:00.000Z,modifiedBy.3sg5@example.net
17683802-7c95-472b-88e3-75718549ae76,name-176838,city-176838,country-176838,2021-05-02T00:00:00.000Z,createdBy.3sg6@example.com,2003-11-14T00:00:00.000Z,modifiedBy.3sg6@example.com
176839dd-339e-46f8-aeb4-d5dc25f7eb9c,name-176839,city-176839,country-176839,2019-03-21T00:00:00.000Z,createdBy.3sg7@example.net,2023-12-16T00:00:00.000Z,modifiedBy.3sg7@example.net
1768402c-6a7f-4fae-84ee-ed05abd02db7,name-176840,city-176840,country-176840,2007-03-06T00:00:00.000Z,createdBy.3sg8@example.net,2013-08-15T00:00:00.000Z,modifiedBy.3sg8@example.org
17684165-c93f-4b6e-8da5-117f05f27870,name-176841,city-176841,country-176841,2002-11-15T00:00:00.000Z,createdBy.3sg9@example.com,2012-12-18T00:00:00.000Z,modifiedBy.3sg9@example.com
17684219-d564-4d1d-a543-3b42968c69c3,name-176842,city-176842,country-176842,2014-12-22T00:00:00.000Z,createdBy.3sga@example.com,2002-04-07T00:00:00.000Z,modifiedBy.3sga@example.net
17684313-2366-45e8-a17b-8d8763f78dae,name-176843,city-176843,country-176843,2009-05-08T00:00:00.000Z,createdBy.3sgb@example.net,2009-11-01T00:00:00.000Z,modifiedBy.3sgb@example.com
17684427-1eac-4749-8f1f-c7936c2a60a8,name-176844,city-176844,country-176844,2000-09-15T00:00:00.000Z,createdBy.3sgc@example.net,2015-01-27T00:00:00.000Z,modifiedBy.3sgc@example.org
176845a4-229f-470e-804f-a22c5a6103a7,name-176845,city-176845,country-176845,2015-02-06T00:00:00.000Z,createdBy.3sgd@example.net,2019-05-04T00:00:00.000Z,modifiedBy.3sgd@example.com
17684621-c3f2-422c-bdfc-7adc45b33665,name-176846,city-176846,country-176846,2014-05-09T00:00:00.000Z,createdBy.3sge@example.org,2017-08-01T00:00:00.000Z,modifiedBy.3sge@example.org
1768479e-ec91-4e74-ae41-55964f967707,name-176847,city-176847,country-176847,2002-12-30T00:00:00.000Z,createdBy.3sgf@example.org,2006-12-22T00:00:00.000Z,modifiedBy.3sgf@example.org
17684883-b6ac-4a04-a9ed-76c35d89c721,name-176848,city-176848,country-176848,2013-07-31T00:00:00.000Z,createdBy.3sgg@example.org,2006-12-08T00:00:00.000Z,modifiedBy.3sgg@example.net
176849b4-30dd-414f-8a44-b3a2a89db36c,name-176849,city-176849,country-176849,2003-01-10T00:00:00.000Z,createdBy.3sgh@example.org,2019-06-25T00:00:00.000Z,modifiedBy.3sgh@example.com
1768504a-0ec6-466d-9179-c6ae792a766e,name-176850,city-176850,country-176850,2005-11-22T00:00:00.000Z,createdBy.3sgi@example.net,2016-01-17T00:00:00.000Z,modifiedBy.3sgi@example.com
176851ff-8d5b-4d6f-aee6-dfb7b82abb29,name-176851,city-176851,country-176851,2020-04-08T00:00:00.000Z,createdBy.3sgj@example.net,2001-03-23T00:00:00.000Z,modifiedBy.3sgj@example.net
176852f6-12eb-4918-9d77-73255df56a18,name-176852,city-176852,country-176852,2023-11-21T00:00:00.000Z,createdBy.3sgk@example.org,2002-08-03T00:00:00.000Z,modifiedBy.3sgk@example.net
1768536f-0f6f-44ef-b438-2b55a7af626c,name-176853,city-176853,country-176853,2022-06-30T00:00:00.000Z,createdBy.3sgl@example.net,2019-01-05T00:00:00.000Z,modifiedBy.3sgl@example.com
1768549f-6e17-4ffb-b956-2736d9b8e6ff,name-176854,city-176854,country-176854,2009-06-09T00:00:00.000Z,createdBy.3sgm@example.org,2000-12-11T00:00:00.000Z,modifiedBy.3sgm@example.com
17685555-2602-4612-b6d1-f13d898d8a4f,name-176855,city-176855,country-176855,2018-08-17T00:00:00.000Z,createdBy.3sgn@example.net,2014-06-27T00:00:00.000Z,modifiedBy.3sgn@example.org
1768562d-2d17-4eb6-ae3c-a7d685e3c7bc,name-176856,city-176856,country-176856,2018-07-09T00:00:00.000Z,createdBy.3sgo@example.com,2003-10-01T00:00:00.000Z,modifiedBy.3sgo@example.net
176857c5-59d2-4836-9176-5eb6ebdd1362,name-176857,city-176857,country-176857,2006-03-09T00:00:00.000Z,createdBy.3sgp@example.com,2014-02-07T00:00:00.000Z,modifiedBy.3sgp@example.com
17685892-c137-4cd0-9dcd-ab9002b975f3,name-176858,city-176858,country-176858,2023-02-22T00:00:00.000Z,createdBy.3sgq@example.org,2008-02-24T00:00:00.000Z,modifiedBy.3sgq@example.com
176859a5-38a3-43a4-86ef-a2c015b9cb5c,name-176859,city-176859,country-176859,2005-02-20T00:00:00.000Z,createdBy.3sgr@example.com,2019-04-16T00:00:00.000Z,modifiedBy.3sgr@example.org
17686043-ba35-4282-a259-4e77dabfede1,name-176860,city-176860,country-176860,2004-02-05T00:00:00.000Z,createdBy.3sgs@example.com,2022-09-23T00:00:00.000Z,modifiedBy.3sgs@example.com
1768617c-cd10-497a-97e8-bbcbde576d71,name-176861,city-176861,country-176861,2014-07-24T00:00:00.000Z,createdBy.3sgt@example.com,2005-09-20T00:00:00.000Z,modifiedBy.3sgt@example.com
17686271-660f-4a27-9df9-62ff0147606b,name-176862,city-176862,country-176862,2022-05-28T00:00:00.000Z,createdBy.3sgu@example.com,2009-12-28T00:00:00.000Z,modifiedBy.3sgu@example.org
17686392-9c5c-44a7-a5fe-f8139c057706,name-176863,city-176863,country-176863,2013-02-02T00:00:00.000Z,createdBy.3sgv@example.net,2022-09-04T00:00:00.000Z,modifiedBy.3sgv@example.com
17686420-4151-4b90-bd39-20d9db7e8e11,name-176864,city-176864,country-176864,2000-05-13T00:00:00.000Z,createdBy.3sgw@example.net,2010-02-13T00:00:00.000Z,modifiedBy.3sgw@example.net
1768657e-cb4e-417e-bf7e-d791e6cc8502,name-176865,city-176865,country-176865,2020-03-07T00:00:00.000Z,createdBy.3sgx@example.net,2022-10-03T00:00:00.000Z,modifiedBy.3sgx@example.com
176866b5-f400-403f-8c16-e7dfa5295069,name-176866,city-176866,country-176866,2014-03-07T00:00:00.000Z,createdBy.3sgy@example.net,2003-06-12T00:00:00.000Z,modifiedBy.3sgy@example.com
1768675f-dd2c-4bf9-8952-53d7730b9034,name-176867,city-176867,country-176867,2015-08-21T00:00:00.000Z,createdBy.3sgz@example.net,2016-03-11T00:00:00.000Z,modifiedBy.3sgz@example.com
17686842-ea40-4c52-b6d0-665218838065,name-176868,city-176868,country-176868,2016-10-08T00:00:00.000Z,createdBy.3sh0@example.com,2020-08-04T00:00:00.000Z,modifiedBy.3sh0@example.net
176869d3-1c99-4059-a317-47f860d0401a,name-176869,city-176869,country-176869,2005-03-19T00:00:00.000Z,createdBy.3sh1@example.org,2009-01-12T00:00:00.000Z,modifiedBy.3sh1@example.org
176870c8-45da-4b59-bf2e-311c4113a4eb,name-176870,city-176870,country-176870,2022-08-07T00:00:00.000Z,createdBy.3sh2@example.org,2007-10-10T00:00:00.000Z,modifiedBy.3sh2@example.org
1768719e-86e2-4145-841c-57c4020c7e33,name-176871,city-176871,country-176871,2000-07-31T00:00:00.000Z,createdBy.3sh3@example.org,2019-07-20T00:00:00.000Z,modifiedBy.3sh3@example.net
17687209-6a97-4b79-8794-cc90370313bb,name-176872,city-176872,country-176872,2002-05-11T00:00:00.000Z,createdBy.3sh4@example.net,2012-08-20T00:00:00.000Z,modifiedBy.3sh4@example.org
1768738a-743a-4495-97e4-5d2c98e01c68,name-176873,city-176873,country-176873,2010-12-11T00:00:00.000Z,createdBy.3sh5@example.org,2007-07-26T00:00:00.000Z,modifiedBy.3sh5@example.org
17687423-e623-495d-8cf0-b1dbcfd43989,name-176874,city-176874,country-176874,2006-12-14T00:00:00.000Z,createdBy.3sh6@example.org,2021-10-28T00:00:00.000Z,modifiedBy.3sh6@example.com
1768758e-55d8-4b48-a5d3-48c36e18feed,name-176875,city-176875,country-176875,2000-01-11T00:00:00.000Z,createdBy.3sh7@example.org,2020-01-18T00:00:00.000Z,modifiedBy.3sh7@example.com
176876dc-1885-4f55-9cb8-ea10024bbbb0,name-176876,city-176876,country-176876,2004-01-30T00:00:00.000Z,createdBy.3sh8@example.com,2002-04-17T00:00:00.000Z,modifiedBy.3sh8@example.com
176877a7-70cd-4411-8fe3-de5018aa3517,name-176877,city-176877,country-176877,2021-04-26T00:00:00.000Z,createdBy.3sh9@example.org,2017-07-28T00:00:00.000Z,modifiedBy.3sh9@example.org
1768781a-1ee4-4355-8d6a-bf44ed3e067e,name-176878,city-176878,country-176878,2004-01-12T00:00:00.000Z,createdBy.3sha@example.net,2017-08-04T00:00:00.000Z,modifiedBy.3sha@example.net
1768796e-b05e-41c4-b52f-066dd9cbb04c,name-176879,city-176879,country-176879,2005-11-02T00:00:00.000Z,createdBy.3shb@example.org,2018-12-23T00:00:00.000Z,modifiedBy.3shb@example.com
17688062-51e1-4c4a-94b0-919954e437ba,name-176880,city-176880,country-176880,2005-06-27T00:00:00.000Z,createdBy.3shc@example.org,2001-08-11T00:00:00.000Z,modifiedBy.3shc@example.com
17688123-dd49-4c7b-b4c3-41e6efa062af,name-176881,city-176881,country-176881,2002-10-22T00:00:00.000Z,createdBy.3shd@example.com,2019-04-18T00:00:00.000Z,modifiedBy.3shd@example.org
1768827a-5cd9-448d-8ace-562991e24d82,name-176882,city-176882,country-176882,2004-03-23T00:00:00.000Z,createdBy.3she@example.net,2014-01-30T00:00:00.000Z,modifiedBy.3she@example.org
1768831e-9b1a-419b-b3eb-dc4458e2280f,name-176883,city-176883,country-176883,2020-08-31T00:00:00.000Z,createdBy.3shf@example.org,2020-08-13T00:00:00.000Z,modifiedBy.3shf@example.net
17688428-20c7-4f83-a7eb-c8f838c2e4ae,name-176884,city-176884,country-176884,2013-04-17T00:00:00.000Z,createdBy.3shg@example.net,2005-05-30T00:00:00.000Z,modifiedBy.3shg@example.org
17688540-6343-4b07-a5fd-4c006b05736c,name-176885,city-176885,country-176885,2002-06-24T00:00:00.000Z,createdBy.3shh@example.org,2005-05-27T00:00:00.000Z,modifiedBy.3shh@example.org
176886ba-e84e-4d4c-a771-f695b618cacf,name-176886,city-176886,country-176886,2023-06-20T00:00:00.000Z,createdBy.3shi@example.net,2023-08-13T00:00:00.000Z,modifiedBy.3shi@example.com
176887e3-3691-41df-9453-efb2e7a2d555,name-176887,city-176887,country-176887,2008-06-14T00:00:00.000Z,createdBy.3shj@example.org,2014-01-09T00:00:00.000Z,modifiedBy.3shj@example.net
1768884e-78f8-48d9-8ff0-c62bd3b09634,name-176888,city-176888,country-176888,2006-04-28T00:00:00.000Z,createdBy.3shk@example.com,2018-12-04T00:00:00.000Z,modifiedBy.3shk@example.org
1768894d-6b8e-4cf3-baba-28d8c4e31036,name-176889,city-176889,country-176889,2018-03-09T00:00:00.000Z,createdBy.3shl@example.net,2007-05-31T00:00:00.000Z,modifiedBy.3shl@example.org
1768909e-fea8-4138-8a88-ed605921d838,name-176890,city-176890,country-176890,2012-01-20T00:00:00.000Z,createdBy.3shm@example.net,2006-12-31T00:00:00.000Z,modifiedBy.3shm@example.com
1768918e-7825-4462-a20b-63d3cb46800f,name-176891,city-176891,country-176891,2023-11-07T00:00:00.000Z,createdBy.3shn@example.net,2008-07-12T00:00:00.000Z,modifiedBy.3shn@example.com
176892bd-d6c2-4df0-8c4e-d8c8390d2198,name-176892,city-176892,country-176892,2003-01-17T00:00:00.000Z,createdBy.3sho@example.net,2023-01-15T00:00:00.000Z,modifiedBy.3sho@example.net
17689398-e6e3-4f48-a307-68c24f4ace22,name-176893,city-176893,country-176893,2002-05-26T00:00:00.000Z,createdBy.3shp@example.net,2021-02-04T00:00:00.000Z,modifiedBy.3shp@example.com
17689416-b88c-4a35-a5dc-af549293e484,name-176894,city-176894,country-176894,2009-02-13T00:00:00.000Z,createdBy.3shq@example.com,2017-07-08T00:00:00.000Z,modifiedBy.3shq@example.com
1768951a-39e9-453d-aaad-2bbf6a59b1b8,name-176895,city-176895,country-176895,2009-10-23T00:00:00.000Z,createdBy.3shr@example.net,2023-12-18T00:00:00.000Z,modifiedBy.3shr@example.org
176896c0-956b-4027-8680-6a49f0b0d607,name-176896,city-176896,country-176896,2000-10-08T00:00:00.000Z,createdBy.3shs@example.com,2013-06-16T00:00:00.000Z,modifiedBy.3shs@example.org
1768975f-fbea-43cb-a20f-f3ce78cd21e2,name-176897,city-176897,country-176897,2019-08-14T00:00:00.000Z,createdBy.3sht@example.org,2019-04-25T00:00:00.000Z,modifiedBy.3sht@example.org
17689823-ea62-43d8-aebb-5ababfd124d0,name-176898,city-176898,country-176898,2013-10-02T00:00:00.000Z,createdBy.3shu@example.net,2006-09-29T00:00:00.000Z,modifiedBy.3shu@example.net
176899a7-1c83-4795-a62d-1b4cc4c7126b,name-176899,city-176899,country-176899,2011-01-10T00:00:00.000Z,createdBy.3shv@example.net,2015-08-12T00:00:00.000Z,modifiedBy.3shv@example.org
1769003c-b034-4adc-9deb-41e6028105e8,name-176900,city-176900,country-176900,2004-11-18T00:00:00.000Z,createdBy.3shw@example.org,2013-07-23T00:00:00.000Z,modifiedBy.3shw@example.org
176901b3-9023-4388-9361-d9da8ee78d1c,name-176901,city-176901,country-176901,2003-09-21T00:00:00.000Z,createdBy.3shx@example.com,2003-02-21T00:00:00.000Z,modifiedBy.3shx@example.org
1769028a-8b54-4390-8a3d-722a9d8ae63a,name-176902,city-176902,country-176902,2012-07-01T00:00:00.000Z,createdBy.3shy@example.org,2014-02-21T00:00:00.000Z,modifiedBy.3shy@example.org
17690318-71ba-4cbc-9131-05793afa084e,name-176903,city-176903,country-176903,2016-06-10T00:00:00.000Z,createdBy.3shz@example.net,2006-09-20T00:00:00.000Z,modifiedBy.3shz@example.com
1769044b-e786-4f7d-b56f-e8e6c730892b,name-176904,city-176904,country-176904,2022-09-03T00:00:00.000Z,createdBy.3si0@example.net,2020-02-01T00:00:00.000Z,modifiedBy.3si0@example.net
